Domain Code,Domain,Area Code (FAO),Area,Element Code,Element,Item Code (FAO),Item,Year Code,Year,Unit,Value,Flag,Flag Description
"QV","Value of Agricultural Production","2","Afghanistan","152","Gross Production Value (constant 2014-2016 thousand I$)","2051","Agriculture","2013","2013","1000 Int. $","5603585","A","Aggregate, may include official, semi-official, estimated or calculated data"
"QV","Value of Agricultural Production","3","Albania","152","Gross Production Value (constant 2014-2016 thousand I$)","2051","Agriculture","2013","2013","1000 Int. $","1972205","A","Aggregate, may include official, semi-official, estimated or calculated data"
"QV","Value of Agricultural Production","4","Algeria","152","Gross Production Value (constant 2014-2016 thousand I$)","2051","Agriculture","2013","2013","1000 Int. $","13539361","A","Aggregate, may include official, semi-official, estimated or calculated data"
"QV","Value of Agricultural Production","7","Angola","152","Gross Production Value (constant 2014-2016 thousand I$)","2051","Agriculture","2013","2013","1000 Int. $","6278840","A","Aggregate, may include official, semi-official, estimated or calculated data"
"QV","Value of Agricultural Production","8","Antigua and Barbuda","152","Gross Production Value (constant 2014-2016 thousand I$)","2051","Agriculture","2013","2013","1000 Int. $","9210","A","Aggregate, may include official, semi-official, estimated or calculated data"
"QV","Value of Agricultural Production","9","Argentina","152","Gross Production Value (constant 2014-2016 thousand I$)","2051","Agriculture","2013","2013","1000 Int. $","64375119","A","Aggregate, may include official, semi-official, estimated or calculated data"
"QV","Value of Agricultural Production","1","Armenia","152","Gross Production Value (constant 2014-2016 thousand I$)","2051","Agriculture","2013","2013","1000 Int. $","1750781","A","Aggregate, may include official, semi-official, estimated or calculated data"
"QV","Value of Agricultural Production","10","Australia","152","Gross Production Value (constant 2014-2016 thousand I$)","2051","Agriculture","2013","2013","1000 Int. $","41261630","A","Aggregate, may include official, semi-official, estimated or calculated data"
"QV","Value of Agricultural Production","11","Austria","152","Gross Production Value (constant 2014-2016 thousand I$)","2051","Agriculture","2013","2013","1000 Int. $","6021102","A","Aggregate, may include official, semi-official, estimated or calculated data"
"QV","Value of Agricultural Production","52","Azerbaijan","152","Gross Production Value (constant 2014-2016 thousand I$)","2051","Agriculture","2013","2013","1000 Int. $","4247116","A","Aggregate, may include official, semi-official, estimated or calculated data"
"QV","Value of Agricultural Production","12","Bahamas","152","Gross Production Value (constant 2014-2016 thousand I$)","2051","Agriculture","2013","2013","1000 Int. $","50011","A","Aggregate, may include official, semi-official, estimated or calculated data"
"QV","Value of Agricultural Production","13","Bahrain","152","Gross Production Value (constant 2014-2016 thousand I$)","2051","Agriculture","2013","2013","1000 Int. $","116228","A","Aggregate, may include official, semi-official, estimated or calculated data"
"QV","Value of Agricultural Production","16","Bangladesh","152","Gross Production Value (constant 2014-2016 thousand I$)","2051","Agriculture","2013","2013","1000 Int. $","33727189","A","Aggregate, may include official, semi-official, estimated or calculated data"
"QV","Value of Agricultural Production","14","Barbados","152","Gross Production Value (constant 2014-2016 thousand I$)","2051","Agriculture","2013","2013","1000 Int. $","54863","A","Aggregate, may include official, semi-official, estimated or calculated data"
"QV","Value of Agricultural Production","57","Belarus","152","Gross Production Value (constant 2014-2016 thousand I$)","2051","Agriculture","2013","2013","1000 Int. $","10802311","A","Aggregate, may include official, semi-official, estimated or calculated data"
"QV","Value of Agricultural Production","255","Belgium","152","Gross Production Value (constant 2014-2016 thousand I$)","2051","Agriculture","2013","2013","1000 Int. $","8817997","A","Aggregate, may include official, semi-official, estimated or calculated data"
"QV","Value of Agricultural Production","23","Belize","152","Gross Production Value (constant 2014-2016 thousand I$)","2051","Agriculture","2013","2013","1000 Int. $","247766","A","Aggregate, may include official, semi-official, estimated or calculated data"
"QV","Value of Agricultural Production","53","Benin","152","Gross Production Value (constant 2014-2016 thousand I$)","2051","Agriculture","2013","2013","1000 Int. $","3496315","A","Aggregate, may include official, semi-official, estimated or calculated data"
"QV","Value of Agricultural Production","18","Bhutan","152","Gross Production Value (constant 2014-2016 thousand I$)","2051","Agriculture","2013","2013","1000 Int. $","275081","A","Aggregate, may include official, semi-official, estimated or calculated data"
"QV","Value of Agricultural Production","19","Bolivia (Plurinational State of)","152","Gross Production Value (constant 2014-2016 thousand I$)","2051","Agriculture","2013","2013","1000 Int. $","5859356","A","Aggregate, may include official, semi-official, estimated or calculated data"
"QV","Value of Agricultural Production","80","Bosnia and Herzegovina","152","Gross Production Value (constant 2014-2016 thousand I$)","2051","Agriculture","2013","2013","1000 Int. $","1472887","A","Aggregate, may include official, semi-official, estimated or calculated data"
"QV","Value of Agricultural Production","20","Botswana","152","Gross Production Value (constant 2014-2016 thousand I$)","2051","Agriculture","2013","2013","1000 Int. $","526328","A","Aggregate, may include official, semi-official, estimated or calculated data"
"QV","Value of Agricultural Production","21","Brazil","152","Gross Production Value (constant 2014-2016 thousand I$)","2051","Agriculture","2013","2013","1000 Int. $","218299279","A","Aggregate, may include official, semi-official, estimated or calculated data"
"QV","Value of Agricultural Production","26","Brunei Darussalam","152","Gross Production Value (constant 2014-2016 thousand I$)","2051","Agriculture","2013","2013","1000 Int. $","67569","A","Aggregate, may include official, semi-official, estimated or calculated data"
"QV","Value of Agricultural Production","27","Bulgaria","152","Gross Production Value (constant 2014-2016 thousand I$)","2051","Agriculture","2013","2013","1000 Int. $","5220866","A","Aggregate, may include official, semi-official, estimated or calculated data"
"QV","Value of Agricultural Production","233","Burkina Faso","152","Gross Production Value (constant 2014-2016 thousand I$)","2051","Agriculture","2013","2013","1000 Int. $","4214796","A","Aggregate, may include official, semi-official, estimated or calculated data"
"QV","Value of Agricultural Production","29","Burundi","152","Gross Production Value (constant 2014-2016 thousand I$)","2051","Agriculture","2013","2013","1000 Int. $","2089399","A","Aggregate, may include official, semi-official, estimated or calculated data"
"QV","Value of Agricultural Production","35","Cabo Verde","152","Gross Production Value (constant 2014-2016 thousand I$)","2051","Agriculture","2013","2013","1000 Int. $","62749","A","Aggregate, may include official, semi-official, estimated or calculated data"
"QV","Value of Agricultural Production","115","Cambodia","152","Gross Production Value (constant 2014-2016 thousand I$)","2051","Agriculture","2013","2013","1000 Int. $","6295222","A","Aggregate, may include official, semi-official, estimated or calculated data"
"QV","Value of Agricultural Production","32","Cameroon","152","Gross Production Value (constant 2014-2016 thousand I$)","2051","Agriculture","2013","2013","1000 Int. $","8596686","A","Aggregate, may include official, semi-official, estimated or calculated data"
"QV","Value of Agricultural Production","33","Canada","152","Gross Production Value (constant 2014-2016 thousand I$)","2051","Agriculture","2013","2013","1000 Int. $","46287432","A","Aggregate, may include official, semi-official, estimated or calculated data"
"QV","Value of Agricultural Production","37","Central African Republic","152","Gross Production Value (constant 2014-2016 thousand I$)","2051","Agriculture","2013","2013","1000 Int. $","1429949","A","Aggregate, may include official, semi-official, estimated or calculated data"
"QV","Value of Agricultural Production","39","Chad","152","Gross Production Value (constant 2014-2016 thousand I$)","2051","Agriculture","2013","2013","1000 Int. $","4793715","A","Aggregate, may include official, semi-official, estimated or calculated data"
"QV","Value of Agricultural Production","40","Chile","152","Gross Production Value (constant 2014-2016 thousand I$)","2051","Agriculture","2013","2013","1000 Int. $","12125484","A","Aggregate, may include official, semi-official, estimated or calculated data"
"QV","Value of Agricultural Production","351","China","152","Gross Production Value (constant 2014-2016 thousand I$)","2051","Agriculture","2013","2013","1000 Int. $","823236882","A","Aggregate, may include official, semi-official, estimated or calculated data"
"QV","Value of Agricultural Production","96","China, Hong Kong SAR","152","Gross Production Value (constant 2014-2016 thousand I$)","2051","Agriculture","2013","2013","1000 Int. $","101344","A","Aggregate, may include official, semi-official, estimated or calculated data"
"QV","Value of Agricultural Production","128","China, Macao SAR","152","Gross Production Value (constant 2014-2016 thousand I$)","2051","Agriculture","2013","2013","1000 Int. $","4531","A","Aggregate, may include official, semi-official, estimated or calculated data"
"QV","Value of Agricultural Production","41","China, mainland","152","Gross Production Value (constant 2014-2016 thousand I$)","2051","Agriculture","2013","2013","1000 Int. $","816156251","A","Aggregate, may include official, semi-official, estimated or calculated data"
"QV","Value of Agricultural Production","214","China, Taiwan Province of","152","Gross Production Value (constant 2014-2016 thousand I$)","2051","Agriculture","2013","2013","1000 Int. $","6974756","A","Aggregate, may include official, semi-official, estimated or calculated data"
"QV","Value of Agricultural Production","44","Colombia","152","Gross Production Value (constant 2014-2016 thousand I$)","2051","Agriculture","2013","2013","1000 Int. $","21829626","A","Aggregate, may include official, semi-official, estimated or calculated data"
"QV","Value of Agricultural Production","45","Comoros","152","Gross Production Value (constant 2014-2016 thousand I$)","2051","Agriculture","2013","2013","1000 Int. $","96567","A","Aggregate, may include official, semi-official, estimated or calculated data"
"QV","Value of Agricultural Production","46","Congo","152","Gross Production Value (constant 2014-2016 thousand I$)","2051","Agriculture","2013","2013","1000 Int. $","603813","A","Aggregate, may include official, semi-official, estimated or calculated data"
"QV","Value of Agricultural Production","47","Cook Islands","152","Gross Production Value (constant 2014-2016 thousand I$)","2051","Agriculture","2013","2013","1000 Int. $","3232","A","Aggregate, may include official, semi-official, estimated or calculated data"
"QV","Value of Agricultural Production","48","Costa Rica","152","Gross Production Value (constant 2014-2016 thousand I$)","2051","Agriculture","2013","2013","1000 Int. $","4303330","A","Aggregate, may include official, semi-official, estimated or calculated data"
"QV","Value of Agricultural Production","107","Côte d'Ivoire","152","Gross Production Value (constant 2014-2016 thousand I$)","2051","Agriculture","2013","2013","1000 Int. $","9134866","A","Aggregate, may include official, semi-official, estimated or calculated data"
"QV","Value of Agricultural Production","98","Croatia","152","Gross Production Value (constant 2014-2016 thousand I$)","2051","Agriculture","2013","2013","1000 Int. $","2481433","A","Aggregate, may include official, semi-official, estimated or calculated data"
"QV","Value of Agricultural Production","49","Cuba","152","Gross Production Value (constant 2014-2016 thousand I$)","2051","Agriculture","2013","2013","1000 Int. $","4562638","A","Aggregate, may include official, semi-official, estimated or calculated data"
"QV","Value of Agricultural Production","50","Cyprus","152","Gross Production Value (constant 2014-2016 thousand I$)","2051","Agriculture","2013","2013","1000 Int. $","462767","A","Aggregate, may include official, semi-official, estimated or calculated data"
"QV","Value of Agricultural Production","167","Czechia","152","Gross Production Value (constant 2014-2016 thousand I$)","2051","Agriculture","2013","2013","1000 Int. $","5374262","A","Aggregate, may include official, semi-official, estimated or calculated data"
"QV","Value of Agricultural Production","116","Democratic People's Republic of Korea","152","Gross Production Value (constant 2014-2016 thousand I$)","2051","Agriculture","2013","2013","1000 Int. $","5671970","A","Aggregate, may include official, semi-official, estimated or calculated data"
"QV","Value of Agricultural Production","250","Democratic Republic of the Congo","152","Gross Production Value (constant 2014-2016 thousand I$)","2051","Agriculture","2013","2013","1000 Int. $","9953477","A","Aggregate, may include official, semi-official, estimated or calculated data"
"QV","Value of Agricultural Production","54","Denmark","152","Gross Production Value (constant 2014-2016 thousand I$)","2051","Agriculture","2013","2013","1000 Int. $","9279524","A","Aggregate, may include official, semi-official, estimated or calculated data"
"QV","Value of Agricultural Production","72","Djibouti","152","Gross Production Value (constant 2014-2016 thousand I$)","2051","Agriculture","2013","2013","1000 Int. $","75231","A","Aggregate, may include official, semi-official, estimated or calculated data"
"QV","Value of Agricultural Production","55","Dominica","152","Gross Production Value (constant 2014-2016 thousand I$)","2051","Agriculture","2013","2013","1000 Int. $","46334","A","Aggregate, may include official, semi-official, estimated or calculated data"
"QV","Value of Agricultural Production","56","Dominican Republic","152","Gross Production Value (constant 2014-2016 thousand I$)","2051","Agriculture","2013","2013","1000 Int. $","4224333","A","Aggregate, may include official, semi-official, estimated or calculated data"
"QV","Value of Agricultural Production","58","Ecuador","152","Gross Production Value (constant 2014-2016 thousand I$)","2051","Agriculture","2013","2013","1000 Int. $","8233401","A","Aggregate, may include official, semi-official, estimated or calculated data"
"QV","Value of Agricultural Production","59","Egypt","152","Gross Production Value (constant 2014-2016 thousand I$)","2051","Agriculture","2013","2013","1000 Int. $","33217148","A","Aggregate, may include official, semi-official, estimated or calculated data"
"QV","Value of Agricultural Production","60","El Salvador","152","Gross Production Value (constant 2014-2016 thousand I$)","2051","Agriculture","2013","2013","1000 Int. $","1543691","A","Aggregate, may include official, semi-official, estimated or calculated data"
"QV","Value of Agricultural Production","61","Equatorial Guinea","152","Gross Production Value (constant 2014-2016 thousand I$)","2051","Agriculture","2013","2013","1000 Int. $","78419","A","Aggregate, may include official, semi-official, estimated or calculated data"
"QV","Value of Agricultural Production","178","Eritrea","152","Gross Production Value (constant 2014-2016 thousand I$)","2051","Agriculture","2013","2013","1000 Int. $","393820","A","Aggregate, may include official, semi-official, estimated or calculated data"
"QV","Value of Agricultural Production","63","Estonia","152","Gross Production Value (constant 2014-2016 thousand I$)","2051","Agriculture","2013","2013","1000 Int. $","886463","A","Aggregate, may include official, semi-official, estimated or calculated data"
"QV","Value of Agricultural Production","209","Eswatini","152","Gross Production Value (constant 2014-2016 thousand I$)","2051","Agriculture","2013","2013","1000 Int. $","462783","A","Aggregate, may include official, semi-official, estimated or calculated data"
"QV","Value of Agricultural Production","238","Ethiopia","152","Gross Production Value (constant 2014-2016 thousand I$)","2051","Agriculture","2013","2013","1000 Int. $","17217331","A","Aggregate, may include official, semi-official, estimated or calculated data"
"QV","Value of Agricultural Production","64","Faroe Islands","152","Gross Production Value (constant 2014-2016 thousand I$)","2051","Agriculture","2013","2013","1000 Int. $","3380","A","Aggregate, may include official, semi-official, estimated or calculated data"
"QV","Value of Agricultural Production","66","Fiji","152","Gross Production Value (constant 2014-2016 thousand I$)","2051","Agriculture","2013","2013","1000 Int. $","220039","A","Aggregate, may include official, semi-official, estimated or calculated data"
"QV","Value of Agricultural Production","67","Finland","152","Gross Production Value (constant 2014-2016 thousand I$)","2051","Agriculture","2013","2013","1000 Int. $","3166246","A","Aggregate, may include official, semi-official, estimated or calculated data"
"QV","Value of Agricultural Production","68","France","152","Gross Production Value (constant 2014-2016 thousand I$)","2051","Agriculture","2013","2013","1000 Int. $","57666736","A","Aggregate, may include official, semi-official, estimated or calculated data"
"QV","Value of Agricultural Production","70","French Polynesia","152","Gross Production Value (constant 2014-2016 thousand I$)","2051","Agriculture","2013","2013","1000 Int. $","32080","A","Aggregate, may include official, semi-official, estimated or calculated data"
"QV","Value of Agricultural Production","74","Gabon","152","Gross Production Value (constant 2014-2016 thousand I$)","2051","Agriculture","2013","2013","1000 Int. $","460799","A","Aggregate, may include official, semi-official, estimated or calculated data"
"QV","Value of Agricultural Production","75","Gambia","152","Gross Production Value (constant 2014-2016 thousand I$)","2051","Agriculture","2013","2013","1000 Int. $","217935","A","Aggregate, may include official, semi-official, estimated or calculated data"
"QV","Value of Agricultural Production","73","Georgia","152","Gross Production Value (constant 2014-2016 thousand I$)","2051","Agriculture","2013","2013","1000 Int. $","1293115","A","Aggregate, may include official, semi-official, estimated or calculated data"
"QV","Value of Agricultural Production","79","Germany","152","Gross Production Value (constant 2014-2016 thousand I$)","2051","Agriculture","2013","2013","1000 Int. $","51844264","A","Aggregate, may include official, semi-official, estimated or calculated data"
"QV","Value of Agricultural Production","81","Ghana","152","Gross Production Value (constant 2014-2016 thousand I$)","2051","Agriculture","2013","2013","1000 Int. $","10910197","A","Aggregate, may include official, semi-official, estimated or calculated data"
"QV","Value of Agricultural Production","84","Greece","152","Gross Production Value (constant 2014-2016 thousand I$)","2051","Agriculture","2013","2013","1000 Int. $","10685500","A","Aggregate, may include official, semi-official, estimated or calculated data"
"QV","Value of Agricultural Production","86","Grenada","152","Gross Production Value (constant 2014-2016 thousand I$)","2051","Agriculture","2013","2013","1000 Int. $","50147","A","Aggregate, may include official, semi-official, estimated or calculated data"
"QV","Value of Agricultural Production","89","Guatemala","152","Gross Production Value (constant 2014-2016 thousand I$)","2051","Agriculture","2013","2013","1000 Int. $","7557046","A","Aggregate, may include official, semi-official, estimated or calculated data"
"QV","Value of Agricultural Production","90","Guinea","152","Gross Production Value (constant 2014-2016 thousand I$)","2051","Agriculture","2013","2013","1000 Int. $","3519400","A","Aggregate, may include official, semi-official, estimated or calculated data"
"QV","Value of Agricultural Production","175","Guinea-Bissau","152","Gross Production Value (constant 2014-2016 thousand I$)","2051","Agriculture","2013","2013","1000 Int. $","453427","A","Aggregate, may include official, semi-official, estimated or calculated data"
"QV","Value of Agricultural Production","91","Guyana","152","Gross Production Value (constant 2014-2016 thousand I$)","2051","Agriculture","2013","2013","1000 Int. $","590573","A","Aggregate, may include official, semi-official, estimated or calculated data"
"QV","Value of Agricultural Production","93","Haiti","152","Gross Production Value (constant 2014-2016 thousand I$)","2051","Agriculture","2013","2013","1000 Int. $","2077870","A","Aggregate, may include official, semi-official, estimated or calculated data"
"QV","Value of Agricultural Production","95","Honduras","152","Gross Production Value (constant 2014-2016 thousand I$)","2051","Agriculture","2013","2013","1000 Int. $","3005749","A","Aggregate, may include official, semi-official, estimated or calculated data"
"QV","Value of Agricultural Production","97","Hungary","152","Gross Production Value (constant 2014-2016 thousand I$)","2051","Agriculture","2013","2013","1000 Int. $","8383014","A","Aggregate, may include official, semi-official, estimated or calculated data"
"QV","Value of Agricultural Production","99","Iceland","152","Gross Production Value (constant 2014-2016 thousand I$)","2051","Agriculture","2013","2013","1000 Int. $","161738","A","Aggregate, may include official, semi-official, estimated or calculated data"
"QV","Value of Agricultural Production","100","India","152","Gross Production Value (constant 2014-2016 thousand I$)","2051","Agriculture","2013","2013","1000 Int. $","365063160","A","Aggregate, may include official, semi-official, estimated or calculated data"
"QV","Value of Agricultural Production","101","Indonesia","152","Gross Production Value (constant 2014-2016 thousand I$)","2051","Agriculture","2013","2013","1000 Int. $","86115556","A","Aggregate, may include official, semi-official, estimated or calculated data"
"QV","Value of Agricultural Production","102","Iran (Islamic Republic of)","152","Gross Production Value (constant 2014-2016 thousand I$)","2051","Agriculture","2013","2013","1000 Int. $","39466735","A","Aggregate, may include official, semi-official, estimated or calculated data"
"QV","Value of Agricultural Production","103","Iraq","152","Gross Production Value (constant 2014-2016 thousand I$)","2051","Agriculture","2013","2013","1000 Int. $","5418906","A","Aggregate, may include official, semi-official, estimated or calculated data"
"QV","Value of Agricultural Production","104","Ireland","152","Gross Production Value (constant 2014-2016 thousand I$)","2051","Agriculture","2013","2013","1000 Int. $","6438073","A","Aggregate, may include official, semi-official, estimated or calculated data"
"QV","Value of Agricultural Production","105","Israel","152","Gross Production Value (constant 2014-2016 thousand I$)","2051","Agriculture","2013","2013","1000 Int. $","4115203","A","Aggregate, may include official, semi-official, estimated or calculated data"
"QV","Value of Agricultural Production","106","Italy","152","Gross Production Value (constant 2014-2016 thousand I$)","2051","Agriculture","2013","2013","1000 Int. $","39970030","A","Aggregate, may include official, semi-official, estimated or calculated data"
"QV","Value of Agricultural Production","109","Jamaica","152","Gross Production Value (constant 2014-2016 thousand I$)","2051","Agriculture","2013","2013","1000 Int. $","775634","A","Aggregate, may include official, semi-official, estimated or calculated data"
"QV","Value of Agricultural Production","110","Japan","152","Gross Production Value (constant 2014-2016 thousand I$)","2051","Agriculture","2013","2013","1000 Int. $","27055043","A","Aggregate, may include official, semi-official, estimated or calculated data"
"QV","Value of Agricultural Production","112","Jordan","152","Gross Production Value (constant 2014-2016 thousand I$)","2051","Agriculture","2013","2013","1000 Int. $","1805338","A","Aggregate, may include official, semi-official, estimated or calculated data"
"QV","Value of Agricultural Production","108","Kazakhstan","152","Gross Production Value (constant 2014-2016 thousand I$)","2051","Agriculture","2013","2013","1000 Int. $","13741428","A","Aggregate, may include official, semi-official, estimated or calculated data"
"QV","Value of Agricultural Production","114","Kenya","152","Gross Production Value (constant 2014-2016 thousand I$)","2051","Agriculture","2013","2013","1000 Int. $","11337981","A","Aggregate, may include official, semi-official, estimated or calculated data"
"QV","Value of Agricultural Production","83","Kiribati","152","Gross Production Value (constant 2014-2016 thousand I$)","2051","Agriculture","2013","2013","1000 Int. $","39865","A","Aggregate, may include official, semi-official, estimated or calculated data"
"QV","Value of Agricultural Production","118","Kuwait","152","Gross Production Value (constant 2014-2016 thousand I$)","2051","Agriculture","2013","2013","1000 Int. $","544625","A","Aggregate, may include official, semi-official, estimated or calculated data"
"QV","Value of Agricultural Production","113","Kyrgyzstan","152","Gross Production Value (constant 2014-2016 thousand I$)","2051","Agriculture","2013","2013","1000 Int. $","2927702","A","Aggregate, may include official, semi-official, estimated or calculated data"
"QV","Value of Agricultural Production","120","Lao People's Democratic Republic","152","Gross Production Value (constant 2014-2016 thousand I$)","2051","Agriculture","2013","2013","1000 Int. $","3540247","A","Aggregate, may include official, semi-official, estimated or calculated data"
"QV","Value of Agricultural Production","119","Latvia","152","Gross Production Value (constant 2014-2016 thousand I$)","2051","Agriculture","2013","2013","1000 Int. $","1403502","A","Aggregate, may include official, semi-official, estimated or calculated data"
"QV","Value of Agricultural Production","121","Lebanon","152","Gross Production Value (constant 2014-2016 thousand I$)","2051","Agriculture","2013","2013","1000 Int. $","1660299","A","Aggregate, may include official, semi-official, estimated or calculated data"
"QV","Value of Agricultural Production","122","Lesotho","152","Gross Production Value (constant 2014-2016 thousand I$)","2051","Agriculture","2013","2013","1000 Int. $","278220","A","Aggregate, may include official, semi-official, estimated or calculated data"
"QV","Value of Agricultural Production","123","Liberia","152","Gross Production Value (constant 2014-2016 thousand I$)","2051","Agriculture","2013","2013","1000 Int. $","552013","A","Aggregate, may include official, semi-official, estimated or calculated data"
"QV","Value of Agricultural Production","124","Libya","152","Gross Production Value (constant 2014-2016 thousand I$)","2051","Agriculture","2013","2013","1000 Int. $","1923922","A","Aggregate, may include official, semi-official, estimated or calculated data"
"QV","Value of Agricultural Production","126","Lithuania","152","Gross Production Value (constant 2014-2016 thousand I$)","2051","Agriculture","2013","2013","1000 Int. $","2885943","A","Aggregate, may include official, semi-official, estimated or calculated data"
"QV","Value of Agricultural Production","256","Luxembourg","152","Gross Production Value (constant 2014-2016 thousand I$)","2051","Agriculture","2013","2013","1000 Int. $","248786","A","Aggregate, may include official, semi-official, estimated or calculated data"
"QV","Value of Agricultural Production","129","Madagascar","152","Gross Production Value (constant 2014-2016 thousand I$)","2051","Agriculture","2013","2013","1000 Int. $","4922548","A","Aggregate, may include official, semi-official, estimated or calculated data"
"QV","Value of Agricultural Production","130","Malawi","152","Gross Production Value (constant 2014-2016 thousand I$)","2051","Agriculture","2013","2013","1000 Int. $","6792187","A","Aggregate, may include official, semi-official, estimated or calculated data"
"QV","Value of Agricultural Production","131","Malaysia","152","Gross Production Value (constant 2014-2016 thousand I$)","2051","Agriculture","2013","2013","1000 Int. $","16982071","A","Aggregate, may include official, semi-official, estimated or calculated data"
"QV","Value of Agricultural Production","132","Maldives","152","Gross Production Value (constant 2014-2016 thousand I$)","2051","Agriculture","2013","2013","1000 Int. $","9655","A","Aggregate, may include official, semi-official, estimated or calculated data"
"QV","Value of Agricultural Production","133","Mali","152","Gross Production Value (constant 2014-2016 thousand I$)","2051","Agriculture","2013","2013","1000 Int. $","6873535","A","Aggregate, may include official, semi-official, estimated or calculated data"
"QV","Value of Agricultural Production","134","Malta","152","Gross Production Value (constant 2014-2016 thousand I$)","2051","Agriculture","2013","2013","1000 Int. $","101798","A","Aggregate, may include official, semi-official, estimated or calculated data"
"QV","Value of Agricultural Production","127","Marshall Islands","152","Gross Production Value (constant 2014-2016 thousand I$)","2051","Agriculture","2013","2013","1000 Int. $","4570","A","Aggregate, may include official, semi-official, estimated or calculated data"
"QV","Value of Agricultural Production","136","Mauritania","152","Gross Production Value (constant 2014-2016 thousand I$)","2051","Agriculture","2013","2013","1000 Int. $","808601","A","Aggregate, may include official, semi-official, estimated or calculated data"
"QV","Value of Agricultural Production","137","Mauritius","152","Gross Production Value (constant 2014-2016 thousand I$)","2051","Agriculture","2013","2013","1000 Int. $","332810","A","Aggregate, may include official, semi-official, estimated or calculated data"
"QV","Value of Agricultural Production","138","Mexico","152","Gross Production Value (constant 2014-2016 thousand I$)","2051","Agriculture","2013","2013","1000 Int. $","53789836","A","Aggregate, may include official, semi-official, estimated or calculated data"
"QV","Value of Agricultural Production","145","Micronesia (Federated States of)","152","Gross Production Value (constant 2014-2016 thousand I$)","2051","Agriculture","2013","2013","1000 Int. $","13636","A","Aggregate, may include official, semi-official, estimated or calculated data"
"QV","Value of Agricultural Production","141","Mongolia","152","Gross Production Value (constant 2014-2016 thousand I$)","2051","Agriculture","2013","2013","1000 Int. $","1632894","A","Aggregate, may include official, semi-official, estimated or calculated data"
"QV","Value of Agricultural Production","273","Montenegro","152","Gross Production Value (constant 2014-2016 thousand I$)","2051","Agriculture","2013","2013","1000 Int. $","164837","A","Aggregate, may include official, semi-official, estimated or calculated data"
"QV","Value of Agricultural Production","143","Morocco","152","Gross Production Value (constant 2014-2016 thousand I$)","2051","Agriculture","2013","2013","1000 Int. $","14227745","A","Aggregate, may include official, semi-official, estimated or calculated data"
"QV","Value of Agricultural Production","144","Mozambique","152","Gross Production Value (constant 2014-2016 thousand I$)","2051","Agriculture","2013","2013","1000 Int. $","3729906","A","Aggregate, may include official, semi-official, estimated or calculated data"
"QV","Value of Agricultural Production","28","Myanmar","152","Gross Production Value (constant 2014-2016 thousand I$)","2051","Agriculture","2013","2013","1000 Int. $","29611619","A","Aggregate, may include official, semi-official, estimated or calculated data"
"QV","Value of Agricultural Production","147","Namibia","152","Gross Production Value (constant 2014-2016 thousand I$)","2051","Agriculture","2013","2013","1000 Int. $","519226","A","Aggregate, may include official, semi-official, estimated or calculated data"
"QV","Value of Agricultural Production","148","Nauru","152","Gross Production Value (constant 2014-2016 thousand I$)","2051","Agriculture","2013","2013","1000 Int. $","1001","A","Aggregate, may include official, semi-official, estimated or calculated data"
"QV","Value of Agricultural Production","149","Nepal","152","Gross Production Value (constant 2014-2016 thousand I$)","2051","Agriculture","2013","2013","1000 Int. $","8348285","A","Aggregate, may include official, semi-official, estimated or calculated data"
"QV","Value of Agricultural Production","150","Netherlands","152","Gross Production Value (constant 2014-2016 thousand I$)","2051","Agriculture","2013","2013","1000 Int. $","16887567","A","Aggregate, may include official, semi-official, estimated or calculated data"
"QV","Value of Agricultural Production","153","New Caledonia","152","Gross Production Value (constant 2014-2016 thousand I$)","2051","Agriculture","2013","2013","1000 Int. $","33455","A","Aggregate, may include official, semi-official, estimated or calculated data"
"QV","Value of Agricultural Production","156","New Zealand","152","Gross Production Value (constant 2014-2016 thousand I$)","2051","Agriculture","2013","2013","1000 Int. $","16038565","A","Aggregate, may include official, semi-official, estimated or calculated data"
"QV","Value of Agricultural Production","157","Nicaragua","152","Gross Production Value (constant 2014-2016 thousand I$)","2051","Agriculture","2013","2013","1000 Int. $","2475853","A","Aggregate, may include official, semi-official, estimated or calculated data"
"QV","Value of Agricultural Production","158","Niger","152","Gross Production Value (constant 2014-2016 thousand I$)","2051","Agriculture","2013","2013","1000 Int. $","4259760","A","Aggregate, may include official, semi-official, estimated or calculated data"
"QV","Value of Agricultural Production","159","Nigeria","152","Gross Production Value (constant 2014-2016 thousand I$)","2051","Agriculture","2013","2013","1000 Int. $","47065390","A","Aggregate, may include official, semi-official, estimated or calculated data"
"QV","Value of Agricultural Production","160","Niue","152","Gross Production Value (constant 2014-2016 thousand I$)","2051","Agriculture","2013","2013","1000 Int. $","2287","A","Aggregate, may include official, semi-official, estimated or calculated data"
"QV","Value of Agricultural Production","154","North Macedonia","152","Gross Production Value (constant 2014-2016 thousand I$)","2051","Agriculture","2013","2013","1000 Int. $","1224529","A","Aggregate, may include official, semi-official, estimated or calculated data"
"QV","Value of Agricultural Production","162","Norway","152","Gross Production Value (constant 2014-2016 thousand I$)","2051","Agriculture","2013","2013","1000 Int. $","2077271","A","Aggregate, may include official, semi-official, estimated or calculated data"
"QV","Value of Agricultural Production","221","Oman","152","Gross Production Value (constant 2014-2016 thousand I$)","2051","Agriculture","2013","2013","1000 Int. $","834059","A","Aggregate, may include official, semi-official, estimated or calculated data"
"QV","Value of Agricultural Production","165","Pakistan","152","Gross Production Value (constant 2014-2016 thousand I$)","2051","Agriculture","2013","2013","1000 Int. $","64090186","A","Aggregate, may include official, semi-official, estimated or calculated data"
"QV","Value of Agricultural Production","299","Palestine","152","Gross Production Value (constant 2014-2016 thousand I$)","2051","Agriculture","2013","2013","1000 Int. $","796758","A","Aggregate, may include official, semi-official, estimated or calculated data"
"QV","Value of Agricultural Production","166","Panama","152","Gross Production Value (constant 2014-2016 thousand I$)","2051","Agriculture","2013","2013","1000 Int. $","1424912","A","Aggregate, may include official, semi-official, estimated or calculated data"
"QV","Value of Agricultural Production","168","Papua New Guinea","152","Gross Production Value (constant 2014-2016 thousand I$)","2051","Agriculture","2013","2013","1000 Int. $","3532205","A","Aggregate, may include official, semi-official, estimated or calculated data"
"QV","Value of Agricultural Production","169","Paraguay","152","Gross Production Value (constant 2014-2016 thousand I$)","2051","Agriculture","2013","2013","1000 Int. $","8406857","A","Aggregate, may include official, semi-official, estimated or calculated data"
"QV","Value of Agricultural Production","170","Peru","152","Gross Production Value (constant 2014-2016 thousand I$)","2051","Agriculture","2013","2013","1000 Int. $","14091273","A","Aggregate, may include official, semi-official, estimated or calculated data"
"QV","Value of Agricultural Production","171","Philippines","152","Gross Production Value (constant 2014-2016 thousand I$)","2051","Agriculture","2013","2013","1000 Int. $","30603573","A","Aggregate, may include official, semi-official, estimated or calculated data"
"QV","Value of Agricultural Production","173","Poland","152","Gross Production Value (constant 2014-2016 thousand I$)","2051","Agriculture","2013","2013","1000 Int. $","29069544","A","Aggregate, may include official, semi-official, estimated or calculated data"
"QV","Value of Agricultural Production","174","Portugal","152","Gross Production Value (constant 2014-2016 thousand I$)","2051","Agriculture","2013","2013","1000 Int. $","5874377","A","Aggregate, may include official, semi-official, estimated or calculated data"
"QV","Value of Agricultural Production","177","Puerto Rico","152","Gross Production Value (constant 2014-2016 thousand I$)","2051","Agriculture","2013","2013","1000 Int. $","419650","A","Aggregate, may include official, semi-official, estimated or calculated data"
"QV","Value of Agricultural Production","179","Qatar","152","Gross Production Value (constant 2014-2016 thousand I$)","2051","Agriculture","2013","2013","1000 Int. $","108984","A","Aggregate, may include official, semi-official, estimated or calculated data"
"QV","Value of Agricultural Production","117","Republic of Korea","152","Gross Production Value (constant 2014-2016 thousand I$)","2051","Agriculture","2013","2013","1000 Int. $","15092157","A","Aggregate, may include official, semi-official, estimated or calculated data"
"QV","Value of Agricultural Production","146","Republic of Moldova","152","Gross Production Value (constant 2014-2016 thousand I$)","2051","Agriculture","2013","2013","1000 Int. $","2431311","A","Aggregate, may include official, semi-official, estimated or calculated data"
"QV","Value of Agricultural Production","183","Romania","152","Gross Production Value (constant 2014-2016 thousand I$)","2051","Agriculture","2013","2013","1000 Int. $","14459003","A","Aggregate, may include official, semi-official, estimated or calculated data"
"QV","Value of Agricultural Production","185","Russian Federation","152","Gross Production Value (constant 2014-2016 thousand I$)","2051","Agriculture","2013","2013","1000 Int. $","82483045","A","Aggregate, may include official, semi-official, estimated or calculated data"
"QV","Value of Agricultural Production","184","Rwanda","152","Gross Production Value (constant 2014-2016 thousand I$)","2051","Agriculture","2013","2013","1000 Int. $","3343632","A","Aggregate, may include official, semi-official, estimated or calculated data"
"QV","Value of Agricultural Production","188","Saint Kitts and Nevis","152","Gross Production Value (constant 2014-2016 thousand I$)","2051","Agriculture","2013","2013","1000 Int. $","3214","A","Aggregate, may include official, semi-official, estimated or calculated data"
"QV","Value of Agricultural Production","189","Saint Lucia","152","Gross Production Value (constant 2014-2016 thousand I$)","2051","Agriculture","2013","2013","1000 Int. $","24382","A","Aggregate, may include official, semi-official, estimated or calculated data"
"QV","Value of Agricultural Production","191","Saint Vincent and the Grenadines","152","Gross Production Value (constant 2014-2016 thousand I$)","2051","Agriculture","2013","2013","1000 Int. $","39239","A","Aggregate, may include official, semi-official, estimated or calculated data"
"QV","Value of Agricultural Production","244","Samoa","152","Gross Production Value (constant 2014-2016 thousand I$)","2051","Agriculture","2013","2013","1000 Int. $","78025","A","Aggregate, may include official, semi-official, estimated or calculated data"
"QV","Value of Agricultural Production","193","Sao Tome and Principe","152","Gross Production Value (constant 2014-2016 thousand I$)","2051","Agriculture","2013","2013","1000 Int. $","38371","A","Aggregate, may include official, semi-official, estimated or calculated data"
"QV","Value of Agricultural Production","194","Saudi Arabia","152","Gross Production Value (constant 2014-2016 thousand I$)","2051","Agriculture","2013","2013","1000 Int. $","5178173","A","Aggregate, may include official, semi-official, estimated or calculated data"
"QV","Value of Agricultural Production","195","Senegal","152","Gross Production Value (constant 2014-2016 thousand I$)","2051","Agriculture","2013","2013","1000 Int. $","2211641","A","Aggregate, may include official, semi-official, estimated or calculated data"
"QV","Value of Agricultural Production","272","Serbia","152","Gross Production Value (constant 2014-2016 thousand I$)","2051","Agriculture","2013","2013","1000 Int. $","6464016","A","Aggregate, may include official, semi-official, estimated or calculated data"
"QV","Value of Agricultural Production","196","Seychelles","152","Gross Production Value (constant 2014-2016 thousand I$)","2051","Agriculture","2013","2013","1000 Int. $","5724","A","Aggregate, may include official, semi-official, estimated or calculated data"
"QV","Value of Agricultural Production","197","Sierra Leone","152","Gross Production Value (constant 2014-2016 thousand I$)","2051","Agriculture","2013","2013","1000 Int. $","1778694","A","Aggregate, may include official, semi-official, estimated or calculated data"
"QV","Value of Agricultural Production","200","Singapore","152","Gross Production Value (constant 2014-2016 thousand I$)","2051","Agriculture","2013","2013","1000 Int. $","45538","A","Aggregate, may include official, semi-official, estimated or calculated data"
"QV","Value of Agricultural Production","199","Slovakia","152","Gross Production Value (constant 2014-2016 thousand I$)","2051","Agriculture","2013","2013","1000 Int. $","2088084","A","Aggregate, may include official, semi-official, estimated or calculated data"
"QV","Value of Agricultural Production","198","Slovenia","152","Gross Production Value (constant 2014-2016 thousand I$)","2051","Agriculture","2013","2013","1000 Int. $","879388","A","Aggregate, may include official, semi-official, estimated or calculated data"
"QV","Value of Agricultural Production","25","Solomon Islands","152","Gross Production Value (constant 2014-2016 thousand I$)","2051","Agriculture","2013","2013","1000 Int. $","124414","A","Aggregate, may include official, semi-official, estimated or calculated data"
"QV","Value of Agricultural Production","201","Somalia","152","Gross Production Value (constant 2014-2016 thousand I$)","2051","Agriculture","2013","2013","1000 Int. $","2571624","A","Aggregate, may include official, semi-official, estimated or calculated data"
"QV","Value of Agricultural Production","202","South Africa","152","Gross Production Value (constant 2014-2016 thousand I$)","2051","Agriculture","2013","2013","1000 Int. $","20640724","A","Aggregate, may include official, semi-official, estimated or calculated data"
"QV","Value of Agricultural Production","277","South Sudan","152","Gross Production Value (constant 2014-2016 thousand I$)","2051","Agriculture","2013","2013","1000 Int. $","4115784","A","Aggregate, may include official, semi-official, estimated or calculated data"
"QV","Value of Agricultural Production","203","Spain","152","Gross Production Value (constant 2014-2016 thousand I$)","2051","Agriculture","2013","2013","1000 Int. $","51322913","A","Aggregate, may include official, semi-official, estimated or calculated data"
"QV","Value of Agricultural Production","38","Sri Lanka","152","Gross Production Value (constant 2014-2016 thousand I$)","2051","Agriculture","2013","2013","1000 Int. $","4867048","A","Aggregate, may include official, semi-official, estimated or calculated data"
"QV","Value of Agricultural Production","276","Sudan","152","Gross Production Value (constant 2014-2016 thousand I$)","2051","Agriculture","2013","2013","1000 Int. $","12766928","A","Aggregate, may include official, semi-official, estimated or calculated data"
"QV","Value of Agricultural Production","207","Suriname","152","Gross Production Value (constant 2014-2016 thousand I$)","2051","Agriculture","2013","2013","1000 Int. $","202242","A","Aggregate, may include official, semi-official, estimated or calculated data"
"QV","Value of Agricultural Production","210","Sweden","152","Gross Production Value (constant 2014-2016 thousand I$)","2051","Agriculture","2013","2013","1000 Int. $","4410835","A","Aggregate, may include official, semi-official, estimated or calculated data"
"QV","Value of Agricultural Production","211","Switzerland","152","Gross Production Value (constant 2014-2016 thousand I$)","2051","Agriculture","2013","2013","1000 Int. $","3833240","A","Aggregate, may include official, semi-official, estimated or calculated data"
"QV","Value of Agricultural Production","212","Syrian Arab Republic","152","Gross Production Value (constant 2014-2016 thousand I$)","2051","Agriculture","2013","2013","1000 Int. $","8186009","A","Aggregate, may include official, semi-official, estimated or calculated data"
"QV","Value of Agricultural Production","208","Tajikistan","152","Gross Production Value (constant 2014-2016 thousand I$)","2051","Agriculture","2013","2013","1000 Int. $","2886952","A","Aggregate, may include official, semi-official, estimated or calculated data"
"QV","Value of Agricultural Production","216","Thailand","152","Gross Production Value (constant 2014-2016 thousand I$)","2051","Agriculture","2013","2013","1000 Int. $","47267964","A","Aggregate, may include official, semi-official, estimated or calculated data"
"QV","Value of Agricultural Production","176","Timor-Leste","152","Gross Production Value (constant 2014-2016 thousand I$)","2051","Agriculture","2013","2013","1000 Int. $","198875","A","Aggregate, may include official, semi-official, estimated or calculated data"
"QV","Value of Agricultural Production","217","Togo","152","Gross Production Value (constant 2014-2016 thousand I$)","2051","Agriculture","2013","2013","1000 Int. $","1191230","A","Aggregate, may include official, semi-official, estimated or calculated data"
"QV","Value of Agricultural Production","218","Tokelau","152","Gross Production Value (constant 2014-2016 thousand I$)","2051","Agriculture","2013","2013","1000 Int. $","842","A","Aggregate, may include official, semi-official, estimated or calculated data"
"QV","Value of Agricultural Production","219","Tonga","152","Gross Production Value (constant 2014-2016 thousand I$)","2051","Agriculture","2013","2013","1000 Int. $","46191","A","Aggregate, may include official, semi-official, estimated or calculated data"
"QV","Value of Agricultural Production","220","Trinidad and Tobago","152","Gross Production Value (constant 2014-2016 thousand I$)","2051","Agriculture","2013","2013","1000 Int. $","192410","A","Aggregate, may include official, semi-official, estimated or calculated data"
"QV","Value of Agricultural Production","222","Tunisia","152","Gross Production Value (constant 2014-2016 thousand I$)","2051","Agriculture","2013","2013","1000 Int. $","5744673","A","Aggregate, may include official, semi-official, estimated or calculated data"
"QV","Value of Agricultural Production","223","Turkey","152","Gross Production Value (constant 2014-2016 thousand I$)","2051","Agriculture","2013","2013","1000 Int. $","61117398","A","Aggregate, may include official, semi-official, estimated or calculated data"
"QV","Value of Agricultural Production","213","Turkmenistan","152","Gross Production Value (constant 2014-2016 thousand I$)","2051","Agriculture","2013","2013","1000 Int. $","4115010","A","Aggregate, may include official, semi-official, estimated or calculated data"
"QV","Value of Agricultural Production","227","Tuvalu","152","Gross Production Value (constant 2014-2016 thousand I$)","2051","Agriculture","2013","2013","1000 Int. $","1286","A","Aggregate, may include official, semi-official, estimated or calculated data"
"QV","Value of Agricultural Production","226","Uganda","152","Gross Production Value (constant 2014-2016 thousand I$)","2051","Agriculture","2013","2013","1000 Int. $","8249036","A","Aggregate, may include official, semi-official, estimated or calculated data"
"QV","Value of Agricultural Production","230","Ukraine","152","Gross Production Value (constant 2014-2016 thousand I$)","2051","Agriculture","2013","2013","1000 Int. $","45546366","A","Aggregate, may include official, semi-official, estimated or calculated data"
"QV","Value of Agricultural Production","225","United Arab Emirates","152","Gross Production Value (constant 2014-2016 thousand I$)","2051","Agriculture","2013","2013","1000 Int. $","801872","A","Aggregate, may include official, semi-official, estimated or calculated data"
"QV","Value of Agricultural Production","229","United Kingdom of Great Britain and Northern Ireland","152","Gross Production Value (constant 2014-2016 thousand I$)","2051","Agriculture","2013","2013","1000 Int. $","25883704","A","Aggregate, may include official, semi-official, estimated or calculated data"
"QV","Value of Agricultural Production","215","United Republic of Tanzania","152","Gross Production Value (constant 2014-2016 thousand I$)","2051","Agriculture","2013","2013","1000 Int. $","15204607","A","Aggregate, may include official, semi-official, estimated or calculated data"
"QV","Value of Agricultural Production","231","United States of America","152","Gross Production Value (constant 2014-2016 thousand I$)","2051","Agriculture","2013","2013","1000 Int. $","346140627","A","Aggregate, may include official, semi-official, estimated or calculated data"
"QV","Value of Agricultural Production","234","Uruguay","152","Gross Production Value (constant 2014-2016 thousand I$)","2051","Agriculture","2013","2013","1000 Int. $","6024645","A","Aggregate, may include official, semi-official, estimated or calculated data"
"QV","Value of Agricultural Production","235","Uzbekistan","152","Gross Production Value (constant 2014-2016 thousand I$)","2051","Agriculture","2013","2013","1000 Int. $","20048228","A","Aggregate, may include official, semi-official, estimated or calculated data"
"QV","Value of Agricultural Production","155","Vanuatu","152","Gross Production Value (constant 2014-2016 thousand I$)","2051","Agriculture","2013","2013","1000 Int. $","118750","A","Aggregate, may include official, semi-official, estimated or calculated data"
"QV","Value of Agricultural Production","236","Venezuela (Bolivarian Republic of)","152","Gross Production Value (constant 2014-2016 thousand I$)","2051","Agriculture","2013","2013","1000 Int. $","8672972","A","Aggregate, may include official, semi-official, estimated or calculated data"
"QV","Value of Agricultural Production","237","Viet Nam","152","Gross Production Value (constant 2014-2016 thousand I$)","2051","Agriculture","2013","2013","1000 Int. $","45062046","A","Aggregate, may include official, semi-official, estimated or calculated data"
"QV","Value of Agricultural Production","249","Yemen","152","Gross Production Value (constant 2014-2016 thousand I$)","2051","Agriculture","2013","2013","1000 Int. $","3033479","A","Aggregate, may include official, semi-official, estimated or calculated data"
"QV","Value of Agricultural Production","251","Zambia","152","Gross Production Value (constant 2014-2016 thousand I$)","2051","Agriculture","2013","2013","1000 Int. $","3191246","A","Aggregate, may include official, semi-official, estimated or calculated data"
"QV","Value of Agricultural Production","181","Zimbabwe","152","Gross Production Value (constant 2014-2016 thousand I$)","2051","Agriculture","2013","2013","1000 Int. $","2382746","A","Aggregate, may include official, semi-official, estimated or calculated data"
